country,year,pisa_avg,education_spending_gdp,education_spending_totalexp,gdp_growth,gdp_per_capita,tertiary_attainment,rd_expenditure,gini,youth_unemployment,investment_rate,region,education_spending_lag3,gdp_growth_volatility,spending_group
Austria,2014,,,,0.8,129.0,38.4,3.11,27.6,11.0,23.0,Western,,,
Austria,2015,492.3,5.0,10.540000000000001,1.3,128.0,38.6,3.07,27.2,11.3,22.9,Western,,0.3535533905932738,Mid
Austria,2016,492.3,4.9,10.52,2.1,128.0,39.7,3.13,27.2,12.0,23.3,Western,,0.6557438524302001,Mid
Austria,2017,492.3,4.9,10.7,2.3,125.0,40.3,3.07,27.9,10.5,23.8,Western,,0.5291502622129178,Mid
Austria,2018,491.0,4.8,10.74,2.5,126.0,40.5,3.11,26.8,10.0,24.3,Western,5.0,0.19999999999999904,Mid
Austria,2019,491.0,4.8,10.76,1.8,124.0,41.6,3.14,27.5,9.1,25.1,Western,4.9,0.36055512754639846,Mid
Austria,2020,491.0,5.1,10.2,-6.3,123.0,41.4,3.21,27.0,11.7,25.1,Western,4.9,4.891148467725482,Mid
Austria,2021,491.0,4.9,9.92,4.9,121.0,42.4,3.26,26.7,11.0,25.9,Western,4.8,5.783021125098312,Mid
Austria,2022,491.3,4.7,10.1,5.3,123.0,43.1,3.17,27.8,9.5,25.2,Western,4.8,6.584831053261731,Mid
Austria,2023,491.3,4.9,10.4,-0.8,121.0,43.5,3.22,28.1,10.4,24.7,Western,5.1,3.412232895529457,Mid
Austria,2024,491.3,5.3,10.76,-0.7,119.0,44.1,3.26,28.4,10.3,23.5,Western,4.9,3.4933269720043874,High
Belgium,2014,,,,1.8,121.0,44.2,2.36,25.9,23.4,22.8,Western,,,
Belgium,2015,502.7,6.3,13.36,1.5,119.0,43.1,2.43,26.2,22.5,23.2,Western,,0.2121320343559642,High
Belgium,2016,502.7,6.3,12.16,1.2,118.0,44.3,2.53,26.3,20.3,23.5,Western,,0.3,High
Belgium,2017,502.7,6.2,12.2,1.5,117.0,45.7,2.68,26.1,19.4,23.5,Western,,0.17320508075688767,High
Belgium,2018,500.0,6.2,11.9,1.9,116.0,47.4,2.86,25.7,16.0,23.8,Western,6.3,0.3511884584284245,High
Belgium,2019,500.0,6.1,11.98,2.4,117.0,47.3,3.15,25.1,14.5,24.2,Western,6.3,0.45092497528228914,High
Belgium,2020,500.0,6.5,11.719999999999999,-4.8,118.0,48.5,3.37,25.3,15.9,24.0,Western,6.2,4.020364825899924,High
Belgium,2021,500.0,6.2,11.680000000000001,6.3,117.0,50.9,3.41,24.1,18.2,23.9,Western,6.2,5.631163290120434,High
Belgium,2022,494.3,6.2,12.040000000000001,4.0,118.0,51.4,3.21,24.7,16.4,23.9,Western,6.1,5.8586118947523165,High
Belgium,2023,494.3,6.3,12.0,1.7,118.0,50.0,3.24,24.3,16.1,24.2,Western,6.5,2.300000000000001,High
Belgium,2024,494.3,6.3,11.919999999999998,1.1,117.0,50.7,3.36,24.6,17.4,24.3,Western,6.2,1.5307950004273394,High
Bulgaria,2014,,,,0.9,48.0,31.3,0.79,35.4,26.9,21.1,CEE,,,
Bulgaria,2015,439.7,3.9,13.133333333333333,3.4,49.0,31.8,0.95,37.0,24.7,20.9,CEE,,1.7677669529663689,Low
Bulgaria,2016,439.7,3.4,15.6,3.0,51.0,32.8,0.77,37.7,20.4,18.4,CEE,,1.3428824718989125,Low
Bulgaria,2017,439.7,3.5,16.266666666666666,2.7,52.0,33.4,0.74,40.2,16.1,18.3,CEE,,0.3511884584284251,Low
Bulgaria,2018,426.7,3.5,15.9,2.3,53.0,34.0,0.76,39.6,15.9,18.8,CEE,3.9,0.351188458428425,Low
Bulgaria,2019,426.7,3.8,16.966666666666665,3.8,55.0,32.6,0.84,40.8,12.1,18.7,CEE,3.4,0.7767453465154031,Low
Bulgaria,2020,426.7,3.9,16.933333333333334,-3.1,57.0,33.1,0.85,40.0,17.5,19.0,CEE,3.5,3.629049462324811,Low
Bulgaria,2021,426.7,4.3,16.766666666666666,7.8,60.0,33.8,0.77,39.7,15.8,16.3,CEE,3.5,5.513921774321189,Low
Bulgaria,2022,414.0,3.9,16.5,4.1,62.0,34.0,0.75,38.4,10.6,17.0,CEE,3.8,5.542863279328954,Low
Bulgaria,2023,414.0,4.1,16.933333333333334,1.7,63.0,35.8,0.79,37.2,12.1,18.7,CEE,3.9,3.0730007050655446,Low
Bulgaria,2024,414.0,4.3,,3.4,66.0,40.5,0.77,38.4,12.3,18.3,CEE,4.3,1.2342339054382419,Low
Croatia,2014,,,,-0.6,60.0,32.3,0.77,30.2,45.7,18.8,CEE,,,
Croatia,2015,475.3,5.0,11.100000000000001,2.3,61.0,30.8,0.82,30.4,42.3,19.1,CEE,,2.0506096654409878,Mid
Croatia,2016,475.3,4.8,11.475,3.5,62.0,32.8,0.85,29.8,30.9,19.6,CEE,,2.107921567168317,Mid
Croatia,2017,475.3,4.8,11.625,3.3,63.0,32.7,0.84,29.9,27.4,19.5,CEE,,0.6429100507328631,Mid
Croatia,2018,471.7,4.8,11.0,2.9,64.0,35.3,0.95,29.7,23.5,20.0,CEE,5.0,0.3055050463303875,Mid
Croatia,2019,471.7,5.2,11.325,3.1,67.0,35.4,1.08,29.2,16.7,21.9,CEE,4.8,0.1999999999999973,High
Croatia,2020,471.7,5.7,10.975,-8.3,66.0,37.0,1.24,28.3,20.6,22.4,CEE,4.8,6.524824390995771,High
Croatia,2021,471.7,5.4,11.375,12.6,70.0,36.2,1.24,29.2,21.5,20.9,CEE,4.8,10.464384039843592,High
Croatia,2022,473.7,5.0,11.649999999999999,7.3,72.0,36.0,1.42,28.5,17.7,21.7,CEE,5.2,10.864774886454542,Mid
Croatia,2023,473.7,5.3,11.524999999999999,3.8,78.0,38.8,1.37,29.7,18.9,24.7,CEE,5.7,4.430575583375142,High
Croatia,2024,473.7,5.0,11.225000000000001,3.8,78.0,39.4,1.35,29.8,16.8,25.2,CEE,5.4,2.0207259421636836,Mid
Cyprus,2014,,,,-1.8,80.0,54.0,0.51,34.8,36.0,13.3,Southern,,,
Cyprus,2015,437.7,5.6,7.45,3.4,81.0,54.7,0.48,33.6,32.8,12.8,Southern,,3.676955262170047,High
Cyprus,2016,437.7,5.5,7.925,6.6,86.0,56.2,0.52,32.1,29.1,18.0,Southern,,4.239496825489239,High
Cyprus,2017,437.7,5.2,7.800000000000001,5.8,88.0,57.0,0.54,30.8,24.7,20.8,Southern,,1.6653327995729053,High
Cyprus,2018,438.0,5.0,6.25,6.3,89.0,58.5,0.61,29.1,20.2,18.6,Southern,5.6,0.4041451884327338,Mid
Cyprus,2019,438.0,5.1,7.25,5.9,91.0,59.1,0.7,31.5,17.6,18.7,Southern,5.5,0.26457513110645325,Mid
Cyprus,2020,438.0,5.7,7.025,-3.2,89.0,57.4,0.83,29.3,17.6,20.8,Southern,5.2,5.373081052803875,High
Cyprus,2021,438.0,5.1,6.85,11.4,92.0,58.8,0.78,29.3,17.3,19.2,Southern,5.0,7.37360156233031,Mid
Cyprus,2022,403.3,4.8,7.2749999999999995,8.7,95.0,59.2,0.7,29.0,18.1,20.4,Southern,5.1,7.76809715009624,Mid
Cyprus,2023,403.3,4.9,6.75,3.6,97.0,61.6,0.66,29.3,16.6,22.0,Southern,5.7,3.961060464067671,Mid
Cyprus,2024,403.3,5.0,7.375,3.9,99.0,60.1,0.65,30.1,13.0,20.5,Southern,5.1,2.8618176042508368,Mid
Czechia,2014,,,,2.2,88.0,29.9,1.94,25.1,15.9,24.7,CEE,,,
Czechia,2015,490.7,4.2,11.649999999999999,5.0,89.0,31.0,1.91,25.0,12.6,25.7,CEE,,1.979898987322333,Low
Czechia,2016,490.7,3.7,11.600000000000001,2.6,89.0,32.6,1.65,25.1,10.5,24.3,CEE,,1.514375558880073,Low
Czechia,2017,490.7,3.8,11.85,5.2,92.0,33.8,1.75,24.5,7.9,23.7,CEE,,1.446835627614047,Low
Czechia,2018,495.3,4.3,12.325,2.8,93.0,33.3,1.88,24.0,6.7,24.8,CEE,4.2,1.446835627614047,Low
Czechia,2019,495.3,4.6,13.1,3.6,95.0,32.6,1.9,24.0,5.6,25.8,CEE,3.7,1.2220201853215575,Mid
Czechia,2020,495.3,4.7,12.525,-5.3,96.0,33.0,1.95,24.2,8.0,25.5,CEE,3.8,4.923751956926073,Mid
Czechia,2021,495.3,4.7,12.775,4.0,92.0,34.9,1.93,24.8,8.2,26.2,CEE,4.3,5.257692776621066,Mid
Czechia,2022,486.0,4.5,12.674999999999999,2.8,90.0,34.6,1.89,24.8,6.8,27.7,CEE,4.6,5.058655947976696,Low
Czechia,2023,486.0,4.5,12.4,0.0,91.0,33.7,1.82,24.4,8.3,27.9,CEE,4.7,2.052640575778755,Low
Czechia,2024,486.0,4.5,12.475,1.3,91.0,33.5,1.82,23.7,9.1,26.5,CEE,4.7,1.4011899704655826,Low
Denmark,2014,,,,1.3,128.0,41.6,2.92,27.7,14.2,19.3,Nordic,,,
Denmark,2015,504.3,7.0,8.025,2.1,127.0,43.0,3.06,27.4,12.2,19.8,Nordic,,0.565685424949238,High
Denmark,2016,504.3,6.8,8.1,3.1,126.0,44.6,3.1,27.7,12.2,21.0,Nordic,,0.9018499505645787,High
Denmark,2017,504.3,6.4,7.925,3.1,128.0,45.5,2.94,27.6,12.4,21.2,Nordic,,0.5773502691896251,High
Denmark,2018,501.0,6.4,7.875,1.9,127.0,45.8,2.98,27.8,10.5,21.8,Nordic,7.0,0.692820323027551,High
Denmark,2019,501.0,6.3,7.925,1.7,125.0,47.1,2.95,27.5,10.1,21.4,Nordic,6.8,0.7571877794400367,High
Denmark,2020,501.0,6.2,7.3,-1.8,132.0,47.1,2.97,27.3,11.7,22.2,Nordic,6.4,2.0808652046684815,High
Denmark,2021,501.0,5.9,7.325,6.5,133.0,49.1,2.76,27.0,10.8,23.2,Nordic,6.4,4.166933324800547,High
Denmark,2022,490.7,5.3,7.4,0.4,134.0,49.0,2.88,27.7,10.6,23.1,Nordic,6.3,4.300000000000001,High
Denmark,2023,490.7,5.6,7.35,0.6,126.0,49.0,3.07,28.2,11.5,23.5,Nordic,6.2,3.465544690232692,High
Denmark,2024,490.7,5.6,7.35,3.5,127.0,51.2,3.01,28.6,14.6,23.3,Nordic,5.9,1.7349351572897487,High
Estonia,2014,,,,3.3,78.0,40.6,1.41,35.6,14.9,25.3,CEE,,,
Estonia,2015,524.3,5.8,16.0,1.8,77.0,38.5,1.44,34.8,14.3,24.1,CEE,,1.060660171779821,High
Estonia,2016,524.3,5.5,15.85,3.1,78.0,39.1,1.22,32.7,14.0,23.9,CEE,,0.8144527815247076,High
Estonia,2017,524.3,5.6,15.575,5.6,80.0,40.9,1.25,31.6,12.1,25.4,CEE,,1.9313207915827961,High
Estonia,2018,525.3,6.1,16.625,3.7,82.0,41.1,1.38,30.6,12.0,26.6,CEE,5.8,1.3051181300301256,High
Estonia,2019,525.3,6.0,16.15,3.7,84.0,40.6,1.59,30.5,11.6,26.6,CEE,5.5,1.0969655114602883,High
Estonia,2020,525.3,6.3,15.825000000000001,-2.9,85.0,40.1,1.73,30.5,18.3,31.2,CEE,5.6,3.81051177665153,High
Estonia,2021,525.3,5.9,15.024999999999999,8.3,85.0,43.2,1.75,30.6,16.7,30.0,CEE,6.1,5.629683235612226,High
Estonia,2022,515.7,5.7,15.45,-1.2,83.0,43.9,1.77,31.9,18.6,25.2,CEE,6.0,6.035726965329032,High
Estonia,2023,515.7,6.3,15.75,-2.7,80.0,43.5,1.83,31.8,17.3,25.4,CEE,6.3,5.9651767227244274,High
Estonia,2024,515.7,6.3,15.674999999999999,-0.1,79.0,42.7,1.99,30.8,19.1,23.9,CEE,5.9,1.3051181300301313,High
Finland,2014,,,,-0.5,111.0,40.3,3.16,25.6,20.5,21.7,Nordic,,,
Finland,2015,522.7,6.4,11.35,0.5,109.0,40.2,2.89,25.2,22.5,21.4,Nordic,,0.7071067811865476,High
Finland,2016,522.7,6.2,11.275,2.6,109.0,40.7,2.75,25.4,20.5,23.1,Nordic,,1.5821925715074425,High
Finland,2017,522.7,5.8,10.9,3.3,110.0,40.3,2.75,25.3,20.0,23.7,Nordic,,1.4571661996262928,High
Finland,2018,516.3,5.8,10.65,1.2,109.0,40.3,2.78,25.9,17.3,24.6,Nordic,6.4,1.0692676621563626,High
Finland,2019,516.3,5.9,10.75,1.3,107.0,42.0,2.82,26.2,17.7,24.4,Nordic,6.2,1.1846237095944574,High
Finland,2020,516.3,6.1,10.600000000000001,-2.5,112.0,43.8,2.93,26.5,21.0,24.7,Nordic,5.8,2.1656407827707715,High
Finland,2021,516.3,5.9,10.475,2.7,109.0,40.1,3.01,25.7,17.1,24.4,Nordic,5.8,2.6907248094147422,High
Finland,2022,495.0,5.8,10.65,0.8,106.0,40.7,2.98,26.6,14.2,24.7,Nordic,5.9,2.6312227829154518,High
Finland,2023,495.0,6.1,9.675,-1.3,103.0,39.2,3.09,26.6,16.2,23.4,Nordic,6.1,2.0008331597945226,High
Finland,2024,495.0,6.3,9.65,0.4,102.0,39.1,3.22,26.1,18.8,22.1,Nordic,5.9,1.1150485789118487,High
France,2014,,,,1.0,108.0,44.3,2.22,29.2,25.7,21.0,Western,,,
France,2015,495.7,5.3,9.925,1.1,106.0,44.8,2.22,29.2,26.1,20.6,Western,,0.07071067811865482,High
France,2016,495.7,5.2,9.825,0.9,105.0,44.2,2.22,29.3,26.0,20.9,Western,,0.10000000000000002,High
France,2017,495.7,5.2,9.75,2.1,103.0,44.5,2.2,28.8,23.5,21.4,Western,,0.6429100507328637,High
France,2018,493.7,5.1,9.85,1.6,103.0,47.0,2.2,28.5,22.0,21.9,Western,5.3,0.602771377334171,Mid
France,2019,493.7,5.0,9.825,2.0,105.0,48.2,2.2,29.2,20.7,22.4,Western,5.2,0.26457513110645914,Mid
France,2020,493.7,5.2,9.1,-7.4,104.0,49.4,2.27,29.2,21.5,22.4,Western,5.2,5.315386470740706,High
France,2021,493.7,5.1,9.25,6.9,101.0,50.3,2.21,29.3,18.9,23.5,Western,5.1,7.267048919609666,Mid
France,2022,478.3,5.0,9.375,2.7,97.0,50.4,2.22,29.8,17.3,23.5,Western,5.0,7.350056689123788,Mid
France,2023,478.3,5.0,9.55,1.4,99.0,51.9,2.18,29.7,17.2,22.8,Western,5.2,2.8746014216467177,Mid
France,2024,478.3,5.1,9.65,1.2,98.0,53.4,2.18,30.0,18.7,22.1,Western,5.1,0.8144527815247073,Mid
Germany,2014,,,,2.2,128.0,28.4,2.82,30.7,8.2,19.8,Western,,,
Germany,2015,508.0,4.2,10.42,1.7,126.0,29.6,2.88,30.1,7.7,19.7,Western,,0.353553390593274,Low
Germany,2016,508.0,4.1,10.2,2.2,126.0,30.5,2.88,29.5,7.5,20.0,Western,,0.288675134594813,Low
Germany,2017,508.0,4.1,10.36,2.8,126.0,31.3,2.99,29.1,7.2,20.1,Western,,0.55075705472861,Low
Germany,2018,500.3,4.2,10.42,1.1,125.0,32.3,3.05,31.1,6.6,20.8,Western,4.2,0.8621678104251707,Low
Germany,2019,500.3,4.3,10.68,1.0,122.0,33.3,3.11,29.7,6.1,21.2,Western,4.1,1.0115993936995675,Low
Germany,2020,500.3,4.6,10.08,-4.1,123.0,35.3,3.09,30.5,7.9,21.3,Western,4.1,2.973774257292125,Mid
Germany,2021,500.3,4.4,10.0,3.9,120.0,36.9,3.07,31.2,7.0,21.2,Western,4.2,4.0501028793517495,Low
Germany,2022,482.3,4.4,10.26,1.8,120.0,36.8,3.04,29.0,6.0,21.6,Western,4.3,4.147690120215508,Low
Germany,2023,482.3,4.5,10.62,-0.9,118.0,37.9,3.13,29.4,5.9,21.2,Western,4.6,2.4062418831031924,Low
Germany,2024,482.3,4.5,10.540000000000001,-0.5,116.0,39.9,3.13,29.5,6.5,20.5,Western,4.4,1.4571661996262923,Low
Greece,2014,,,,0.8,71.0,38.7,0.85,34.5,53.0,11.2,Southern,,,
Greece,2015,458.7,4.2,5.475,-0.2,69.0,40.1,0.97,34.2,50.3,11.2,Southern,,0.7071067811865476,Low
Greece,2016,458.7,4.0,5.825,0.0,67.0,41.0,1.01,34.3,48.2,11.4,Southern,,0.5291502622129182,Low
Greece,2017,458.7,3.9,5.775,1.5,67.0,42.5,1.15,33.4,44.5,12.0,Southern,,0.9291573243177569,Low
Greece,2018,453.3,4.1,6.175000000000001,2.1,66.0,42.8,1.21,32.3,41.2,11.3,Southern,4.2,1.0816653826391969,Low
Greece,2019,453.3,3.9,6.3,2.3,66.0,42.4,1.26,31.0,37.5,11.0,Southern,4.0,0.41633319989322687,Low
Greece,2020,453.3,4.4,5.575,-9.2,62.0,43.7,1.49,31.4,38.0,12.3,Southern,3.9,6.582552696332935,Low
Greece,2021,453.3,4.0,5.275,8.7,64.0,44.2,1.43,32.4,35.5,13.8,Southern,4.1,9.070281142279988,Low
Greece,2022,436.3,4.2,5.65,5.5,66.0,45.2,1.48,31.4,31.4,15.7,Southern,3.9,9.545854248485742,Low
Greece,2023,436.3,4.0,5.8999999999999995,2.1,68.0,44.5,1.5,31.8,26.7,15.9,Southern,4.4,3.3005050118630774,Low
Greece,2024,436.3,3.9,6.125,2.1,69.0,44.5,1.54,31.8,22.5,16.0,Southern,4.0,1.962990915244719,Low
Hungary,2014,,,,4.3,69.0,32.1,1.34,28.6,20.1,22.1,CEE,,,
Hungary,2015,474.7,5.2,9.625,3.7,70.0,32.1,1.34,28.2,17.1,22.3,CEE,,0.4242640687119283,High
Hungary,2016,474.7,4.9,10.7,2.4,69.0,30.4,1.18,28.2,12.7,19.6,CEE,,0.971253485622231,Mid
Hungary,2017,474.7,5.1,10.225000000000001,4.1,69.0,30.2,1.31,28.1,10.5,22.3,CEE,,0.8888194417315589,Mid
Hungary,2018,479.3,5.0,10.0,5.6,72.0,30.9,1.5,28.7,9.9,24.9,CEE,5.2,1.6010413278030435,Mid
Hungary,2019,479.3,4.7,9.4,5.1,73.0,30.9,1.46,26.8,11.4,27.1,CEE,4.9,0.763762615825973,Mid
Hungary,2020,479.3,4.7,8.55,-4.3,75.0,31.0,1.58,28.2,12.7,26.4,CEE,5.1,5.5770362499569,Mid
Hungary,2021,479.3,4.6,8.525,7.2,75.0,33.4,1.63,27.4,13.6,27.3,CEE,5.0,6.123996516437066,Mid
Hungary,2022,477.3,4.3,8.0,4.2,76.0,32.5,1.39,26.9,10.6,27.5,CEE,4.7,5.9651767227244274,Low
Hungary,2023,477.3,4.6,8.325,-0.8,76.0,30.1,1.38,28.6,12.8,25.6,CEE,4.7,4.041451884327381,Mid
Hungary,2024,477.3,4.9,9.475,0.7,76.0,32.3,1.31,28.0,15.2,23.2,CEE,4.6,2.5658007197234416,Mid
Ireland,2014,,,,9.4,141.0,53.4,1.48,31.0,23.4,20.2,Western,,,
Ireland,2015,509.3,3.2,8.966666666666667,24.6,185.0,54.0,1.14,29.7,20.2,24.3,Western,,10.748023074035524,Low
Ireland,2016,509.3,3.3,9.366666666666667,1.2,178.0,54.3,1.15,29.6,16.8,34.1,Western,,11.873219164714065,Low
Ireland,2017,509.3,3.1,7.375,10.1,187.0,54.7,1.21,30.6,14.4,32.5,Western,,11.811152921426991,Low
Ireland,2018,504.7,3.0,7.25,7.7,192.0,56.2,1.08,28.9,13.8,27.9,Western,3.2,4.604707735929976,Low
Ireland,2019,504.7,3.0,7.575,5.0,190.0,55.4,1.14,28.0,12.5,53.2,Western,3.3,2.551470164434621,Low
Ireland,2020,504.7,3.0,7.050000000000001,7.2,205.0,58.4,1.13,27.6,15.8,41.4,Western,3.1,1.436430761761029,Low
Ireland,2021,504.7,2.6,6.875,16.3,225.0,62.2,1.08,26.6,14.6,22.1,Western,3.0,5.990826320300066,Low
Ireland,2022,504.0,2.5,7.3,7.5,237.0,63.0,1.53,26.9,10.1,21.1,Western,3.0,5.169461609619841,Low
Ireland,2023,504.0,2.7,7.275,-2.5,218.0,62.7,1.54,27.4,10.7,24.9,Western,3.0,9.40638081304388,Low
Ireland,2024,504.0,2.7,,2.6,221.0,65.2,1.38,26.4,10.6,17.3,Western,2.6,5.00033332222297,Low
Italy,2014,,,,0.0,98.0,24.2,1.33,32.4,42.7,16.8,Southern,,,
Italy,2015,485.3,4.0,6.375,0.9,97.0,25.2,1.33,32.4,40.3,17.1,Southern,,0.6363961030678927,Low
Italy,2016,485.3,3.9,6.35,1.2,99.0,25.6,1.36,33.1,37.7,17.3,Southern,,0.6244997998398398,Low
Italy,2017,485.3,4.0,6.375,1.6,98.0,26.9,1.36,32.7,34.6,17.6,Southern,,0.3511884584284249,Low
Italy,2018,477.0,4.0,6.475,0.8,97.0,27.9,1.42,33.4,32.2,18.0,Southern,4.0,0.4000000000000002,Low
Italy,2019,477.0,4.0,6.55,0.4,96.0,27.9,1.46,32.8,29.2,18.1,Southern,3.9,0.6110100926607787,Low
Italy,2020,477.0,4.3,5.949999999999999,-8.9,93.0,28.6,1.5,32.5,29.8,18.2,Southern,4.0,5.488472768752099,Low
Italy,2021,477.0,4.2,5.875,8.9,96.0,28.3,1.41,32.9,29.7,20.8,Southern,4.0,8.902995750495073,Low
Italy,2022,476.7,4.0,5.875,4.8,98.0,29.2,1.37,32.7,23.7,21.8,Southern,4.0,9.32148056909416,Low
Italy,2023,476.7,3.9,5.925,0.9,98.0,30.6,1.37,31.5,22.7,22.7,Southern,4.3,4.000416644967537,Low
Italy,2024,476.7,4.0,6.475,0.8,98.0,31.6,1.38,32.2,20.3,21.5,Southern,4.2,2.281081614790081,Low
Latvia,2014,,,,2.1,61.0,39.4,0.71,35.5,19.6,23.6,CEE,,,
Latvia,2015,486.7,6.1,22.666666666666668,3.8,62.0,39.9,0.64,35.4,16.3,22.3,CEE,,1.2020815280171304,High
Latvia,2016,486.7,5.7,22.266666666666666,2.6,63.0,42.1,0.45,34.5,17.5,20.2,CEE,,0.8736894948054102,High
Latvia,2017,486.7,6.0,22.333333333333332,3.4,64.0,41.6,0.53,34.5,17.0,21.5,CEE,,0.6110100926607783,High
Latvia,2018,487.3,6.0,21.433333333333334,4.3,66.0,41.6,0.66,35.6,12.2,22.9,CEE,6.1,0.850490054811538,High
Latvia,2019,487.3,5.9,21.933333333333334,0.7,66.0,43.8,0.66,35.2,12.7,22.7,CEE,5.7,1.8734993995195193,High
Latvia,2020,487.3,6.0,20.733333333333334,-3.5,69.0,44.2,0.76,34.5,14.9,23.0,CEE,6.0,3.903844259188627,High
Latvia,2021,487.3,5.9,19.7,6.9,71.0,45.5,0.77,35.7,14.8,22.9,CEE,6.0,5.231953108862247,High
Latvia,2022,484.0,5.7,19.833333333333332,1.9,69.0,45.9,0.81,34.3,15.3,23.3,CEE,5.9,5.201281893277208,High
Latvia,2023,484.0,6.1,21.3,-0.9,70.0,45.1,0.82,34.0,12.3,24.0,CEE,6.0,3.9513710700633182,High
Latvia,2024,484.0,6.1,,0.0,68.0,45.0,0.92,34.2,13.6,22.2,CEE,5.9,1.4294521094927715,High
Lithuania,2014,,,,3.8,75.0,52.6,1.03,35.0,19.3,19.1,CEE,,,
Lithuania,2015,475.0,5.1,20.333333333333332,2.8,75.0,54.8,1.04,37.9,16.3,19.6,CEE,,0.7071067811865476,Mid
Lithuania,2016,475.0,4.8,20.166666666666668,2.7,75.0,54.9,0.84,37.0,14.5,19.9,CEE,,0.6082762530298219,Mid
Lithuania,2017,475.0,4.5,19.666666666666668,4.6,78.0,55.6,0.9,37.6,13.3,20.1,CEE,,1.0692676621563624,Low
Lithuania,2018,479.7,4.5,18.400000000000002,4.9,81.0,55.6,0.93,36.9,11.1,20.7,CEE,5.1,1.193035344544885,Low
Lithuania,2019,479.7,4.6,18.4,4.7,83.0,55.2,0.99,35.4,11.9,21.2,CEE,4.8,0.15275252316518884,Mid
Lithuania,2020,479.7,5.1,17.366666666666664,0.0,87.0,56.2,1.12,35.1,19.6,21.4,CEE,4.5,2.77308492477241,Mid
Lithuania,2021,479.7,4.7,17.8,6.4,88.0,57.5,1.1,35.4,14.3,22.5,CEE,4.5,3.3151168908501556,Mid
Lithuania,2022,477.0,4.9,18.433333333333334,2.5,87.0,58.2,1.06,36.2,11.9,22.4,CEE,4.6,3.225419869309008,Mid
Lithuania,2023,477.0,5.1,18.833333333333332,0.7,86.0,57.4,1.04,35.7,13.8,23.8,CEE,5.1,2.9137604568666933,Mid
Lithuania,2024,477.0,5.5,19.133333333333336,3.0,87.0,58.2,1.04,35.3,16.2,22.4,CEE,4.7,1.2096831541082722,High
Luxembourg,2014,,,,2.6,280.0,52.9,1.22,28.7,22.6,19.2,Western,,,
Luxembourg,2015,483.3,4.5,9.175,2.3,279.0,50.3,1.25,28.5,17.3,17.3,Western,,0.2121320343559646,Low
Luxembourg,2016,483.3,4.3,8.75,5.0,276.0,51.5,1.27,29.6,18.9,17.3,Western,,1.479864858694874,Low
Luxembourg,2017,483.3,4.4,8.925,1.3,266.0,51.3,1.24,29.2,15.4,17.8,Western,,1.9139836293274122,Low
Luxembourg,2018,476.7,4.7,8.925,1.6,258.0,53.7,1.17,31.3,14.2,16.2,Western,4.5,2.0550750189064466,Mid
Luxembourg,2019,476.7,4.8,9.325,2.7,249.0,56.1,1.18,32.3,17.0,18.0,Western,4.3,0.7371114795831997,Mid
Luxembourg,2020,476.7,5.0,8.9,-0.5,256.0,60.6,1.1,31.2,23.2,17.2,Western,4.4,1.625833119767627,Mid
Luxembourg,2021,476.7,4.6,9.175,6.9,263.0,62.6,1.03,29.6,16.9,18.1,Western,4.7,3.7112441759244748,Mid
Luxembourg,2022,475.3,4.7,8.975,-1.1,250.0,61.0,1.07,29.1,17.6,16.6,Western,4.8,4.455707949735186,Mid
Luxembourg,2023,475.3,5.0,9.225,0.1,248.0,60.2,1.06,30.6,18.8,16.1,Western,5.0,4.314317249963583,Mid
Luxembourg,2024,475.3,5.0,8.875,0.4,245.0,63.8,0.99,30.1,21.6,15.4,Western,4.6,0.7937253933193766,Mid
Malta,2014,,,,7.6,94.0,31.3,0.68,27.7,11.7,16.8,Southern,,,
Malta,2015,463.7,4.7,8.233333333333334,9.6,99.0,31.9,0.7,28.1,11.6,23.7,Southern,,1.4142135623730951,Mid
Malta,2016,463.7,4.7,8.766666666666666,4.1,100.0,34.3,0.54,28.6,10.7,21.3,Southern,,2.7838821814150108,Mid
Malta,2017,463.7,4.1,8.433333333333332,13.0,106.0,34.9,0.53,28.2,10.6,18.7,Southern,,4.491102314577124,Low
Malta,2018,459.0,4.4,8.466666666666667,7.2,107.0,40.2,0.55,28.7,9.4,19.1,Southern,4.7,4.517742799230607,Low
Malta,2019,459.0,4.5,8.700000000000001,4.1,106.0,41.0,0.55,28.0,10.1,20.1,Southern,4.7,4.517742799230607,Low
Malta,2020,459.0,4.9,7.8,-3.5,105.0,40.2,0.6,30.3,11.5,19.9,Southern,4.1,5.505451843400325,Mid
Malta,2021,459.0,4.6,7.833333333333333,13.4,109.0,42.9,0.6,31.2,9.9,22.3,Southern,4.4,8.4642384969549,Mid
Malta,2022,459.0,4.5,7.8,2.6,103.0,42.5,0.58,31.1,9.0,24.9,Southern,4.5,8.558231904624538,Low
Malta,2023,459.0,4.1,7.7,10.6,109.0,46.2,0.58,33.0,9.2,19.1,Southern,4.9,5.6047598818623205,Low
Malta,2024,459.0,4.7,8.433333333333332,6.2,110.0,47.1,0.54,30.8,9.2,18.5,Southern,4.6,4.006661120351125,Mid
Netherlands,2014,,,,1.6,133.0,44.3,2.15,26.2,13.8,17.4,Western,,,
Netherlands,2015,508.0,5.2,14.55,2.1,132.0,45.1,2.12,26.7,12.5,21.8,Western,,0.3535533905932738,High
Netherlands,2016,508.0,5.2,14.950000000000001,2.4,130.0,45.2,2.12,26.9,12.1,19.3,Western,,0.404145188432738,High
Netherlands,2017,508.0,5.0,15.075000000000001,2.8,130.0,46.6,2.14,27.1,10.4,19.8,Western,,0.35118845842842467,Mid
Netherlands,2018,502.3,5.0,15.025,2.3,130.0,47.6,2.1,27.4,8.9,20.0,Western,5.2,0.26457513110645925,Mid
Netherlands,2019,502.3,4.9,14.875000000000002,2.3,128.0,49.1,2.14,26.8,8.5,20.9,Western,5.2,0.28867513459481303,Mid
Netherlands,2020,502.3,5.1,13.9,-3.9,131.0,52.3,2.27,28.2,10.6,21.3,Western,5.0,3.5795716689756794,Mid
Netherlands,2021,502.3,5.0,14.05,6.3,132.0,55.6,2.22,26.4,9.3,20.7,Western,5.0,5.139390365922142,Mid
Netherlands,2022,480.0,4.9,14.450000000000001,5.0,134.0,56.4,2.18,26.3,7.6,20.5,Western,4.9,5.551876559626783,Mid
Netherlands,2023,480.0,5.1,14.325,-0.6,131.0,54.5,2.3,26.5,8.2,20.3,Western,5.1,3.6665151483845424,Mid
Netherlands,2024,480.0,5.1,14.175,1.1,134.0,55.1,2.29,25.9,8.7,19.9,Western,5.0,2.871120571019846,Mid
Poland,2014,,,,3.9,68.0,42.6,0.95,30.8,24.1,20.0,CEE,,,
Poland,2015,503.7,5.2,14.525,4.4,70.0,43.2,1.0,30.6,21.0,20.2,CEE,,0.3535533905932739,High
Poland,2016,503.7,5.0,13.975000000000001,3.0,69.0,43.5,0.96,29.8,17.8,18.3,CEE,,0.709459888459759,Mid
Poland,2017,503.7,4.9,13.125,5.2,70.0,43.6,1.03,29.2,14.9,17.5,CEE,,1.1135528725660044,Mid
Poland,2018,513.0,4.9,13.225,6.2,72.0,43.5,1.19,27.8,11.8,18.8,CEE,5.2,1.6370705543744901,Mid
Poland,2019,513.0,5.0,13.125,4.6,74.0,44.6,1.31,28.5,9.7,19.1,CEE,5.0,0.8082903768654768,Mid
Poland,2020,513.0,5.1,11.925,-2.0,79.0,43.7,1.37,27.2,10.8,18.4,CEE,4.9,4.346646216720811,Mid
Poland,2021,513.0,4.9,12.4,6.9,79.0,41.8,1.42,26.8,11.9,16.9,CEE,4.9,4.619884558442271,Mid
Poland,2022,495.3,4.5,11.899999999999999,5.3,78.0,41.7,1.44,26.3,10.8,16.4,CEE,5.0,4.744470465710584,Low
Poland,2023,495.3,5.0,12.125,0.2,77.0,46.3,1.56,27.0,11.4,17.9,CEE,5.1,3.499047489436708,Mid
Poland,2024,495.3,,,3.2,78.0,45.7,1.41,26.0,10.8,17.2,CEE,4.9,2.5632011235952583,
Portugal,2014,,,,0.7,77.0,31.6,1.29,34.5,34.7,15.1,Southern,,,
Portugal,2015,497.0,5.1,8.8,1.6,76.0,33.2,1.25,34.0,31.8,15.7,Southern,,0.636396103067893,Mid
Portugal,2016,497.0,4.8,8.875,2.0,77.0,34.9,1.28,33.9,27.8,15.7,Southern,,0.6658328118479394,Mid
Portugal,2017,497.0,4.6,8.425,3.3,76.0,34.2,1.32,33.5,23.8,17.1,Southern,,0.8888194417315589,Mid
Portugal,2018,492.0,4.4,8.55,2.9,77.0,35.2,1.35,32.1,20.2,17.8,Southern,5.1,0.6658328118479396,Low
Portugal,2019,492.0,4.5,8.725,2.7,77.0,38.0,1.39,31.9,18.4,18.4,Southern,4.8,0.3055050463303904,Low
Portugal,2020,492.0,4.7,7.95,-8.2,75.0,41.7,1.61,31.2,22.4,19.5,Southern,4.6,6.351640208114226,Mid
Portugal,2021,492.0,4.7,8.2,5.6,74.0,45.9,1.67,33.0,23.4,20.5,Southern,4.4,7.27621696579571,Mid
Portugal,2022,477.7,4.4,8.799999999999999,7.0,77.0,42.9,1.69,32.0,19.2,20.6,Southern,4.5,8.400793613304241,Low
Portugal,2023,477.7,4.3,9.075,3.1,81.0,41.5,1.68,33.7,20.5,20.5,Southern,4.7,1.9756855350316578,Low
Portugal,2024,477.7,4.3,8.975,2.2,82.0,43.2,1.73,31.9,21.6,20.4,Southern,4.7,2.551470164434614,Low
Romania,2014,,,,4.1,55.0,25.4,0.38,35.0,30.0,24.6,CEE,,,
Romania,2015,437.7,3.1,8.1,3.2,56.0,25.5,0.49,37.4,27.3,24.9,CEE,,0.6363961030678924,Low
Romania,2016,437.7,3.3,9.4,2.9,58.0,24.8,0.49,34.7,25.9,23.0,CEE,,0.6244997998398396,Low
Romania,2017,437.7,2.9,8.524999999999999,8.2,62.0,25.6,0.51,33.1,23.0,22.9,CEE,,2.9771350881902103,Low
Romania,2018,428.0,3.1,6.525,5.4,65.0,24.9,0.5,35.1,20.5,21.2,CEE,3.1,2.65141471671257,Low
Romania,2019,428.0,3.6,7.1,4.0,69.0,25.5,0.48,34.8,21.0,23.3,CEE,3.3,2.1385353243127248,Low
Romania,2020,428.0,3.6,6.325,-3.6,72.0,24.9,0.47,33.8,21.6,23.5,CEE,2.9,4.842864166310401,Low
Romania,2021,428.0,3.2,5.925,5.6,72.0,23.3,0.47,34.3,21.0,24.5,CEE,3.1,4.915282290977802,Low
Romania,2022,428.0,3.3,6.225,4.2,72.0,24.7,0.46,32.0,22.8,25.1,CEE,3.6,4.957149718672347,Low
Romania,2023,428.0,3.5,6.425000000000001,2.3,75.0,22.5,0.52,31.0,21.8,26.5,CEE,3.6,1.656301099840643,Low
Romania,2024,428.0,4.0,6.95,0.9,77.0,23.2,0.46,28.0,23.9,25.3,CEE,3.2,1.6563010998406436,Low
Slovakia,2014,,,,2.7,78.0,29.8,0.87,26.1,31.0,21.2,CEE,,,
Slovakia,2015,463.0,4.1,13.7,5.2,78.0,31.3,1.15,23.7,27.7,24.3,CEE,,1.7677669529663689,Low
Slovakia,2016,463.0,3.9,14.825000000000001,1.9,73.0,33.4,0.79,24.3,23.4,21.7,CEE,,1.7214335111567143,Low
Slovakia,2017,463.0,3.9,14.85,2.9,70.0,35.1,0.88,23.2,20.0,21.3,CEE,,1.6921386861996075,Low
Slovakia,2018,469.3,4.2,15.15,4.1,70.0,37.2,0.83,20.9,15.8,21.3,CEE,4.1,1.10151410945722,Low
Slovakia,2019,469.3,4.4,15.5,2.3,70.0,39.2,0.82,22.8,17.1,21.7,CEE,3.9,0.9165151389911677,Low
Slovakia,2020,469.3,4.7,15.700000000000001,-2.6,74.0,39.0,0.89,20.9,20.4,19.8,CEE,3.9,3.467467856135559,Mid
Slovakia,2021,469.3,4.6,15.325,5.7,74.0,39.5,0.9,21.8,20.6,19.6,CEE,4.2,4.172529209005012,Mid
Slovakia,2022,457.7,4.7,15.35,0.5,71.0,39.1,0.98,21.2,19.9,20.9,CEE,4.4,4.194043395102153,Mid
Slovakia,2023,457.7,5.0,14.75,2.1,74.0,39.8,1.04,21.6,19.8,21.1,CEE,4.7,2.6633312473917568,Mid
Slovakia,2024,457.7,,,1.9,75.0,37.2,0.98,21.7,19.2,20.4,CEE,4.6,0.8717797887081324,
Slovenia,2014,,,,2.8,82.0,38.0,2.39,25.0,20.5,19.4,CEE,,,
Slovenia,2015,509.3,5.6,14.725000000000001,2.4,81.0,40.8,2.22,24.5,16.4,18.9,CEE,,0.2828427124746188,High
Slovenia,2016,509.3,5.6,16.0,3.0,82.0,43.0,2.03,24.4,15.3,17.8,CEE,,0.30550504633038944,High
Slovenia,2017,509.3,5.5,16.1,5.2,84.0,44.5,1.88,23.7,11.3,18.5,CEE,,1.4742229591663991,High
Slovenia,2018,503.7,5.4,15.825,4.4,86.0,40.7,1.96,23.4,8.9,19.5,CEE,5.6,1.113552872566005,High
Slovenia,2019,503.7,5.4,15.975,3.5,87.0,44.1,2.06,23.9,8.1,19.8,CEE,5.6,0.8504900548115393,High
Slovenia,2020,503.7,5.7,14.85,-4.1,88.0,45.4,2.16,23.5,14.3,19.0,CEE,5.5,4.669403959107987,High
Slovenia,2021,503.7,5.8,15.700000000000001,8.4,88.0,47.9,2.14,23.0,12.8,20.2,CEE,5.4,6.298412498399895,High
Slovenia,2022,484.7,5.6,15.5,2.7,89.0,47.3,2.1,23.1,10.1,22.0,CEE,5.4,6.258061467685767,High
Slovenia,2023,484.7,5.4,15.174999999999999,2.4,91.0,40.7,2.13,23.4,9.9,21.6,CEE,5.7,3.380828300875393,High
Slovenia,2024,484.7,5.5,15.475,1.7,90.0,43.1,2.16,23.8,10.9,20.9,CEE,5.8,0.5131601439446858,High
Spain,2014,,,,1.5,90.0,41.5,1.23,34.7,53.2,18.0,Southern,,,
Spain,2015,491.7,4.1,7.4,4.1,91.0,41.0,1.21,34.6,48.3,18.3,Southern,,1.8384776310850233,Low
Spain,2016,491.7,4.0,7.68,2.9,92.0,41.0,1.18,34.5,44.4,18.2,Southern,,1.3012814197295421,Low
Spain,2017,491.7,4.0,7.640000000000001,2.9,93.0,42.6,1.2,34.1,38.6,18.9,Southern,,0.6928203230275509,Low
Spain,2018,480.0,3.9,7.5,2.4,91.0,44.3,1.23,33.2,34.3,19.7,Southern,4.1,0.2886751345948129,Low
Spain,2019,480.0,4.0,7.459999999999999,2.0,91.0,46.5,1.24,33.0,32.5,20.3,Southern,4.0,0.4509249752822897,Low
Spain,2020,480.0,4.6,7.24,-10.9,83.0,47.4,1.4,32.1,38.3,20.6,Southern,4.0,7.565932416651192,Mid
Spain,2021,480.0,4.5,7.219999999999999,6.7,85.0,48.5,1.4,33.0,35.0,20.2,Southern,3.9,9.112811494447438,Low
Spain,2022,477.3,4.3,7.140000000000001,6.4,88.0,50.2,1.4,32.0,29.7,20.5,Southern,4.0,10.075878787149703,Low
Spain,2023,477.3,4.2,7.2,2.5,91.0,52.0,1.49,31.5,28.7,20.5,Southern,4.6,2.343074902771995,Low
Spain,2024,477.3,4.1,7.119999999999999,3.5,91.0,52.6,1.5,31.2,26.5,20.3,Southern,4.5,2.025668613898465,Low
Sweden,2014,,,,2.3,125.0,46.0,3.12,26.9,22.2,22.7,Nordic,,,
Sweden,2015,495.7,7.2,14.433333333333335,4.4,126.0,46.5,3.24,26.7,19.7,23.2,Nordic,,1.4849242404917502,High
Sweden,2016,495.7,7.3,14.566666666666668,2.1,123.0,47.3,3.26,27.6,18.2,23.9,Nordic,,1.2741009902410931,High
Sweden,2017,495.7,7.5,14.966666666666669,1.9,119.0,47.4,3.4,28.0,17.1,24.6,Nordic,,1.3892443989449808,High
Sweden,2018,502.3,7.6,15.233333333333334,1.8,117.0,47.6,3.36,27.0,16.8,24.6,Nordic,7.2,0.15275252316519541,High
Sweden,2019,502.3,7.7,15.533333333333331,2.6,117.0,48.4,3.41,27.6,19.3,23.8,Nordic,7.3,0.4358898943540676,High
Sweden,2020,502.3,7.8,15.066666666666668,-1.9,120.0,49.2,3.51,26.9,23.6,24.5,Nordic,7.5,2.400694344004112,High
Sweden,2021,502.3,7.4,14.966666666666667,5.2,120.0,49.3,3.45,26.8,24.7,25.1,Nordic,7.6,3.592121007612819,High
Sweden,2022,487.7,7.2,14.9,1.3,113.0,52.4,3.5,27.6,21.7,25.6,Nordic,7.7,3.5557465226494047,High
Sweden,2023,487.7,7.3,14.700000000000001,-0.2,111.0,54.1,3.64,29.5,22.1,25.4,Nordic,7.8,2.7874719729532704,High
Sweden,2024,487.7,7.2,14.4,1.0,111.0,54.4,3.56,27.6,24.3,25.1,Nordic,7.4,0.793725393319375,High
